event_id,event_type,account_id
sce-1,subscriber.created,user-1
sce-2,subscriber.created,user-1
sce-3,subscriber.created,user-2
sce-4,subscriber.created,user-2
sce-5,subscriber.created,user-2
sce-6,subscriber.created,user-3
sce-7,subscriber.created,user-3
sce-8,subscriber.created,user-2
sce-9,subscriber.created,user-3
sce-10,subscriber.created,user-2
sce-11,subscriber.created,user-2
sce-12,subscriber.created,user-1
sce-13,subscriber.created,user-2
sce-14,subscriber.created,user-2
sce-15,subscriber.created,user-3
sce-16,subscriber.created,user-2
sce-17,subscriber.created,user-3
sce-18,subscriber.created,user-3
sce-19,subscriber.created,user-2
sce-20,subscriber.created,user-1
sce-21,subscriber.created,user-2
sce-22,subscriber.created,user-1
sce-23,subscriber.created,user-3
sce-24,subscriber.created,user-2
sce-25,subscriber.created,user-2
sce-26,subscriber.created,user-3
sce-27,subscriber.created,user-3
sce-28,subscriber.created,user-3
sce-29,subscriber.created,user-1
sce-30,subscriber.created,user-2
sce-31,subscriber.created,user-1
sce-32,subscriber.created,user-3
sce-33,subscriber.created,user-3
sce-34,subscriber.created,user-3
sce-35,subscriber.created,user-2
sce-36,subscriber.created,user-2
sce-37,subscriber.created,user-2
sce-38,subscriber.created,user-1
sce-39,subscriber.created,user-3
sce-40,subscriber.created,user-2
sce-41,subscriber.created,user-3
sce-42,subscriber.created,user-2
sce-43,subscriber.created,user-2
sce-44,subscriber.created,user-1
sce-45,subscriber.created,user-3
sce-46,subscriber.created,user-1
sce-47,subscriber.created,user-2
sce-48,subscriber.created,user-2
sce-49,subscriber.created,user-3
sce-50,subscriber.created,user-1
sce-51,subscriber.created,user-3
sce-52,subscriber.created,user-1
sce-53,subscriber.created,user-1
sce-54,subscriber.created,user-3
sce-55,subscriber.created,user-3
sce-56,subscriber.created,user-3
sce-57,subscriber.created,user-1
sce-58,subscriber.created,user-3
sce-59,subscriber.created,user-1
sce-60,subscriber.created,user-3
sce-61,subscriber.created,user-1
sce-62,subscriber.created,user-3
sce-63,subscriber.created,user-3
sce-64,subscriber.created,user-3
sce-65,subscriber.created,user-2
sce-66,subscriber.created,user-2
sce-67,subscriber.created,user-1
sce-68,subscriber.created,user-1
sce-69,subscriber.created,user-3
sce-70,subscriber.created,user-3
sce-71,subscriber.created,user-2
sce-72,subscriber.created,user-2
sce-73,subscriber.created,user-2
sce-74,subscriber.created,user-2
sce-75,subscriber.created,user-3
sce-76,subscriber.created,user-2
sce-77,subscriber.created,user-3
sce-78,subscriber.created,user-3
sce-79,subscriber.created,user-2
sce-80,subscriber.created,user-1
sce-81,subscriber.created,user-2
sce-82,subscriber.created,user-3
sce-83,subscriber.created,user-2
sce-84,subscriber.created,user-2
sce-85,subscriber.created,user-1
sce-86,subscriber.created,user-1
sce-87,subscriber.created,user-3
sce-88,subscriber.created,user-3
sce-89,subscriber.created,user-1
sce-90,subscriber.created,user-1
sce-91,subscriber.created,user-2
sce-92,subscriber.created,user-1
sce-93,subscriber.created,user-3
sce-94,subscriber.created,user-3
sce-95,subscriber.created,user-1
sce-96,subscriber.created,user-1
sce-97,subscriber.created,user-3
sce-98,subscriber.created,user-2
sce-99,subscriber.created,user-3
sce-100,subscriber.created,user-1
sce-101,subscriber.created,user-3
sce-102,subscriber.created,user-2
sce-103,subscriber.created,user-1
sce-104,subscriber.created,user-2
sce-105,subscriber.created,user-3
sce-106,subscriber.created,user-3
sce-107,subscriber.created,user-3
sce-108,subscriber.created,user-3
sce-109,subscriber.created,user-3
sce-110,subscriber.created,user-3
sce-111,subscriber.created,user-3
sce-112,subscriber.created,user-1
sce-113,subscriber.created,user-2
sce-114,subscriber.created,user-1
sce-115,subscriber.created,user-1
sce-116,subscriber.created,user-1
sce-117,subscriber.created,user-1
sce-118,subscriber.created,user-2
sce-119,subscriber.created,user-2
sce-120,subscriber.created,user-1
sce-121,subscriber.created,user-2
sce-122,subscriber.created,user-1
sce-123,subscriber.created,user-1
sce-124,subscriber.created,user-2
sce-125,subscriber.created,user-1
sce-126,subscriber.created,user-3
sce-127,subscriber.created,user-1
sce-128,subscriber.created,user-2
sce-129,subscriber.created,user-3
sce-130,subscriber.created,user-1
sce-131,subscriber.created,user-3
sce-132,subscriber.created,user-1
sce-133,subscriber.created,user-2
sce-134,subscriber.created,user-2
sce-135,subscriber.created,user-2
sce-136,subscriber.created,user-2
sce-137,subscriber.created,user-1
sce-138,subscriber.created,user-2
sce-139,subscriber.created,user-1
sce-140,subscriber.created,user-1
sce-141,subscriber.created,user-2
sce-142,subscriber.created,user-1
sce-143,subscriber.created,user-3
sce-144,subscriber.created,user-3
sce-145,subscriber.created,user-3
sce-146,subscriber.created,user-3
sce-147,subscriber.created,user-2
sce-148,subscriber.created,user-3
sce-149,subscriber.created,user-3
sce-150,subscriber.created,user-3
sce-151,subscriber.created,user-1
sce-152,subscriber.created,user-1
sce-153,subscriber.created,user-3
sce-154,subscriber.created,user-2
sce-155,subscriber.created,user-1
sce-156,subscriber.created,user-1
sce-157,subscriber.created,user-3
sce-158,subscriber.created,user-1
sce-159,subscriber.created,user-2
sce-160,subscriber.created,user-2
sce-161,subscriber.created,user-2
sce-162,subscriber.created,user-2
sce-163,subscriber.created,user-2
sce-164,subscriber.created,user-3
sce-165,subscriber.created,user-3
sce-166,subscriber.created,user-2
sce-167,subscriber.created,user-2
sce-168,subscriber.created,user-3
sce-169,subscriber.created,user-1
sce-170,subscriber.created,user-3
sce-171,subscriber.created,user-3
sce-172,subscriber.created,user-3
sce-173,subscriber.created,user-3
sce-174,subscriber.created,user-1
sce-175,subscriber.created,user-1
sce-176,subscriber.created,user-3
sce-177,subscriber.created,user-1
sce-178,subscriber.created,user-1
sce-179,subscriber.created,user-3
sce-180,subscriber.created,user-2
sce-181,subscriber.created,user-2
sce-182,subscriber.created,user-3
sce-183,subscriber.created,user-1
sce-184,subscriber.created,user-2
sce-185,subscriber.created,user-3
sce-186,subscriber.created,user-2
sce-187,subscriber.created,user-2
sce-188,subscriber.created,user-1
sce-189,subscriber.created,user-1
sce-190,subscriber.created,user-3
sce-191,subscriber.created,user-3
sce-192,subscriber.created,user-2
sce-193,subscriber.created,user-1
sce-194,subscriber.created,user-1
sce-195,subscriber.created,user-2
sce-196,subscriber.created,user-3
sce-197,subscriber.created,user-2
sce-198,subscriber.created,user-2
sce-199,subscriber.created,user-3
sce-200,subscriber.created,user-3
sce-201,subscriber.created,user-3
sce-202,subscriber.created,user-3
sce-203,subscriber.created,user-1
sce-204,subscriber.created,user-3
sce-205,subscriber.created,user-1
sce-206,subscriber.created,user-1
sce-207,subscriber.created,user-3
sce-208,subscriber.created,user-2
sce-209,subscriber.created,user-1
sce-210,subscriber.created,user-1
sce-211,subscriber.created,user-1
sce-212,subscriber.created,user-3
sce-213,subscriber.created,user-2
sce-214,subscriber.created,user-3
sce-215,subscriber.created,user-2
sce-216,subscriber.created,user-3
sce-217,subscriber.created,user-2
sce-218,subscriber.created,user-1
sce-219,subscriber.created,user-2
sce-220,subscriber.created,user-2
sce-221,subscriber.created,user-3
sce-222,subscriber.created,user-2
sce-223,subscriber.created,user-2
sce-224,subscriber.created,user-1
sce-225,subscriber.created,user-2
sce-226,subscriber.created,user-2
sce-227,subscriber.created,user-1
sce-228,subscriber.created,user-1
sce-229,subscriber.created,user-2
sce-230,subscriber.created,user-2
sce-231,subscriber.created,user-3
sce-232,subscriber.created,user-2
sce-233,subscriber.created,user-2
sce-234,subscriber.created,user-2
sce-235,subscriber.created,user-3
sce-236,subscriber.created,user-3
sce-237,subscriber.created,user-1
sce-238,subscriber.created,user-1
sce-239,subscriber.created,user-3
sce-240,subscriber.created,user-3
sce-241,subscriber.created,user-1
sce-242,subscriber.created,user-3
sce-243,subscriber.created,user-2
sce-244,subscriber.created,user-2
sce-245,subscriber.created,user-1
sce-246,subscriber.created,user-1
sce-247,subscriber.created,user-2
sce-248,subscriber.created,user-3
sce-249,subscriber.created,user-1
sce-250,subscriber.created,user-1
sce-251,subscriber.created,user-3
sce-252,subscriber.created,user-3
sce-253,subscriber.created,user-2
sce-254,subscriber.created,user-3
sce-255,subscriber.created,user-2
sce-256,subscriber.created,user-3
sce-257,subscriber.created,user-3
sce-258,subscriber.created,user-1
sce-259,subscriber.created,user-1
sce-260,subscriber.created,user-1
sce-261,subscriber.created,user-1
sce-262,subscriber.created,user-3
sce-263,subscriber.created,user-2
sce-264,subscriber.created,user-2
sce-265,subscriber.created,user-2
sce-266,subscriber.created,user-2
sce-267,subscriber.created,user-1
sce-268,subscriber.created,user-2
sce-269,subscriber.created,user-1
sce-270,subscriber.created,user-3
sce-271,subscriber.created,user-2
sce-272,subscriber.created,user-1
sce-273,subscriber.created,user-3
sce-274,subscriber.created,user-1
sce-275,subscriber.created,user-3
sce-276,subscriber.created,user-1
sce-277,subscriber.created,user-1
sce-278,subscriber.created,user-3
sce-279,subscriber.created,user-3
sce-280,subscriber.created,user-2
sce-281,subscriber.created,user-2
sce-282,subscriber.created,user-1
sce-283,subscriber.created,user-1
sce-284,subscriber.created,user-3
sce-285,subscriber.created,user-3
sce-286,subscriber.created,user-2
sce-287,subscriber.created,user-2
sce-288,subscriber.created,user-1
sce-289,subscriber.created,user-1
sce-290,subscriber.created,user-2
sce-291,subscriber.created,user-1
sce-292,subscriber.created,user-2
sce-293,subscriber.created,user-1
sce-294,subscriber.created,user-2
sce-295,subscriber.created,user-1
sce-296,subscriber.created,user-1
sce-297,subscriber.created,user-1
sce-298,subscriber.created,user-3
sce-299,subscriber.created,user-2
sce-300,subscriber.created,user-3
sce-301,subscriber.created,user-1
sce-302,subscriber.created,user-3
sce-303,subscriber.created,user-1
sce-304,subscriber.created,user-2
sce-305,subscriber.created,user-2
sce-306,subscriber.created,user-3
sce-307,subscriber.created,user-3
sce-308,subscriber.created,user-3
sce-309,subscriber.created,user-2
sce-310,subscriber.created,user-3
sce-311,subscriber.created,user-1
sce-312,subscriber.created,user-1
sce-313,subscriber.created,user-2
sce-314,subscriber.created,user-3
sce-315,subscriber.created,user-1
sce-316,subscriber.created,user-1
sce-317,subscriber.created,user-2
sce-318,subscriber.created,user-3
sce-319,subscriber.created,user-3
sce-320,subscriber.created,user-1
sce-321,subscriber.created,user-1
sce-322,subscriber.created,user-3
sce-323,subscriber.created,user-1
sce-324,subscriber.created,user-3
sce-325,subscriber.created,user-3
sce-326,subscriber.created,user-2
sce-327,subscriber.created,user-3
sce-328,subscriber.created,user-3
sce-329,subscriber.created,user-2
sce-330,subscriber.created,user-1
sce-331,subscriber.created,user-3
sce-332,subscriber.created,user-2
sce-333,subscriber.created,user-3
sce-334,subscriber.created,user-2
sce-335,subscriber.created,user-3
sce-336,subscriber.created,user-2
sce-337,subscriber.created,user-2
sce-338,subscriber.created,user-2
sce-339,subscriber.created,user-2
sce-340,subscriber.created,user-2
sce-341,subscriber.created,user-3
sce-342,subscriber.created,user-2
sce-343,subscriber.created,user-1
sce-344,subscriber.created,user-3
sce-345,subscriber.created,user-2
sce-346,subscriber.created,user-3
sce-347,subscriber.created,user-1
sce-348,subscriber.created,user-2
sce-349,subscriber.created,user-1
sce-350,subscriber.created,user-2
sce-351,subscriber.created,user-3
sce-352,subscriber.created,user-3
sce-353,subscriber.created,user-1
sce-354,subscriber.created,user-2
sce-355,subscriber.created,user-2
sce-356,subscriber.created,user-2
sce-357,subscriber.created,user-3
sce-358,subscriber.created,user-1
sce-359,subscriber.created,user-3
sce-360,subscriber.created,user-3
sce-361,subscriber.created,user-2
sce-362,subscriber.created,user-1
sce-363,subscriber.created,user-3
sce-364,subscriber.created,user-3
sce-365,subscriber.created,user-3
sce-366,subscriber.created,user-1
sce-367,subscriber.created,user-2
sce-368,subscriber.created,user-3
sce-369,subscriber.created,user-1
sce-370,subscriber.created,user-2
sce-371,subscriber.created,user-3
sce-372,subscriber.created,user-1
sce-373,subscriber.created,user-2
sce-374,subscriber.created,user-3
sce-375,subscriber.created,user-2
sce-376,subscriber.created,user-3
sce-377,subscriber.created,user-2
sce-378,subscriber.created,user-3
sce-379,subscriber.created,user-2
sce-380,subscriber.created,user-2
sce-381,subscriber.created,user-3
sce-382,subscriber.created,user-2
sce-383,subscriber.created,user-2
sce-384,subscriber.created,user-3
sce-385,subscriber.created,user-1
sce-386,subscriber.created,user-1
sce-387,subscriber.created,user-3
sce-388,subscriber.created,user-1
sce-389,subscriber.created,user-1
sce-390,subscriber.created,user-1
sce-391,subscriber.created,user-2
sce-392,subscriber.created,user-3
sce-393,subscriber.created,user-2
sce-394,subscriber.created,user-1
sce-395,subscriber.created,user-2
sce-396,subscriber.created,user-3
sce-397,subscriber.created,user-3
sce-398,subscriber.created,user-1
sce-399,subscriber.created,user-1
sce-400,subscriber.created,user-3
sce-401,subscriber.created,user-3
sce-402,subscriber.created,user-3
sce-403,subscriber.created,user-1
sce-404,subscriber.created,user-3
sce-405,subscriber.created,user-3
sce-406,subscriber.created,user-2
sce-407,subscriber.created,user-3
sce-408,subscriber.created,user-2
sce-409,subscriber.created,user-1
sce-410,subscriber.created,user-3
sce-411,subscriber.created,user-2
sce-412,subscriber.created,user-3
sce-413,subscriber.created,user-3
sce-414,subscriber.created,user-3
sce-415,subscriber.created,user-1
sce-416,subscriber.created,user-2
sce-417,subscriber.created,user-2
sce-418,subscriber.created,user-1
sce-419,subscriber.created,user-2
sce-420,subscriber.created,user-1
sce-421,subscriber.created,user-1
sce-422,subscriber.created,user-3
sce-423,subscriber.created,user-3
sce-424,subscriber.created,user-2
sce-425,subscriber.created,user-3
sce-426,subscriber.created,user-2
sce-427,subscriber.created,user-1
sce-428,subscriber.created,user-3
sce-429,subscriber.created,user-2
sce-430,subscriber.created,user-3
sce-431,subscriber.created,user-3
sce-432,subscriber.created,user-2
sce-433,subscriber.created,user-1
sce-434,subscriber.created,user-3
sce-435,subscriber.created,user-3
sce-436,subscriber.created,user-1
sce-437,subscriber.created,user-2
sce-438,subscriber.created,user-1
sce-439,subscriber.created,user-2
sce-440,subscriber.created,user-1
sce-441,subscriber.created,user-3
sce-442,subscriber.created,user-1
sce-443,subscriber.created,user-1
sce-444,subscriber.created,user-2
sce-445,subscriber.created,user-1
sce-446,subscriber.created,user-2
sce-447,subscriber.created,user-1
sce-448,subscriber.created,user-2
sce-449,subscriber.created,user-2
sce-450,subscriber.created,user-3
sce-451,subscriber.created,user-3
sce-452,subscriber.created,user-3
sce-453,subscriber.created,user-2
sce-454,subscriber.created,user-2
sce-455,subscriber.created,user-1
sce-456,subscriber.created,user-1
sce-457,subscriber.created,user-1
sce-458,subscriber.created,user-1
sce-459,subscriber.created,user-3
sce-460,subscriber.created,user-1
sce-461,subscriber.created,user-2
sce-462,subscriber.created,user-1
sce-463,subscriber.created,user-1
sce-464,subscriber.created,user-3
sce-465,subscriber.created,user-1
sce-466,subscriber.created,user-2
sce-467,subscriber.created,user-3
sce-468,subscriber.created,user-2
sce-469,subscriber.created,user-3
sce-470,subscriber.created,user-3
sce-471,subscriber.created,user-3
sce-472,subscriber.created,user-1
sce-473,subscriber.created,user-2
sce-474,subscriber.created,user-2
sce-475,subscriber.created,user-3
sce-476,subscriber.created,user-1
sce-477,subscriber.created,user-2
sce-478,subscriber.created,user-1
sce-479,subscriber.created,user-2
sce-480,subscriber.created,user-1
sce-481,subscriber.created,user-1
sce-482,subscriber.created,user-1
sce-483,subscriber.created,user-2
sce-484,subscriber.created,user-2
sce-485,subscriber.created,user-3
sce-486,subscriber.created,user-2
sce-487,subscriber.created,user-2
sce-488,subscriber.created,user-3
sce-489,subscriber.created,user-1
sce-490,subscriber.created,user-1
sce-491,subscriber.created,user-3
sce-492,subscriber.created,user-2
sce-493,subscriber.created,user-2
sce-494,subscriber.created,user-2
sce-495,subscriber.created,user-1
sce-496,subscriber.created,user-3
sce-497,subscriber.created,user-2
sce-498,subscriber.created,user-3
sce-499,subscriber.created,user-3
sce-500,subscriber.created,user-2
sce-501,subscriber.created,user-1
sce-502,subscriber.created,user-1
sce-503,subscriber.created,user-1
sce-504,subscriber.created,user-2
sce-505,subscriber.created,user-2
sce-506,subscriber.created,user-3
sce-507,subscriber.created,user-2
sce-508,subscriber.created,user-1
sce-509,subscriber.created,user-1
sce-510,subscriber.created,user-2
sce-511,subscriber.created,user-1
sce-512,subscriber.created,user-2
sce-513,subscriber.created,user-3
sce-514,subscriber.created,user-1
sce-515,subscriber.created,user-3
sce-516,subscriber.created,user-3
sce-517,subscriber.created,user-1
sce-518,subscriber.created,user-2
sce-519,subscriber.created,user-2
sce-520,subscriber.created,user-1
sce-521,subscriber.created,user-1
sce-522,subscriber.created,user-2
sce-523,subscriber.created,user-1
sce-524,subscriber.created,user-3
sce-525,subscriber.created,user-3
sce-526,subscriber.created,user-2
sce-527,subscriber.created,user-3
sce-528,subscriber.created,user-2
sce-529,subscriber.created,user-3
sce-530,subscriber.created,user-1
sce-531,subscriber.created,user-2
sce-532,subscriber.created,user-3
sce-533,subscriber.created,user-2
sce-534,subscriber.created,user-3
sce-535,subscriber.created,user-2
sce-536,subscriber.created,user-2
sce-537,subscriber.created,user-1
sce-538,subscriber.created,user-3
sce-539,subscriber.created,user-1
sce-540,subscriber.created,user-3
sce-541,subscriber.created,user-3
sce-542,subscriber.created,user-3
sce-543,subscriber.created,user-3
sce-544,subscriber.created,user-2
sce-545,subscriber.created,user-1
sce-546,subscriber.created,user-3
sce-547,subscriber.created,user-1
sce-548,subscriber.created,user-3
sce-549,subscriber.created,user-1
sce-550,subscriber.created,user-2
sce-551,subscriber.created,user-3
sce-552,subscriber.created,user-2
sce-553,subscriber.created,user-3
sce-554,subscriber.created,user-1
sce-555,subscriber.created,user-1
sce-556,subscriber.created,user-2
sce-557,subscriber.created,user-1
sce-558,subscriber.created,user-3
sce-559,subscriber.created,user-3
sce-560,subscriber.created,user-3
sce-561,subscriber.created,user-1
sce-562,subscriber.created,user-3
sce-563,subscriber.created,user-1
sce-564,subscriber.created,user-2
sce-565,subscriber.created,user-1
sce-566,subscriber.created,user-2
sce-567,subscriber.created,user-3
sce-568,subscriber.created,user-2
sce-569,subscriber.created,user-1
sce-570,subscriber.created,user-2
sce-571,subscriber.created,user-1
sce-572,subscriber.created,user-1
sce-573,subscriber.created,user-1
sce-574,subscriber.created,user-1
sce-575,subscriber.created,user-2
sce-576,subscriber.created,user-1
sce-577,subscriber.created,user-3
sce-578,subscriber.created,user-1
sce-579,subscriber.created,user-2
sce-580,subscriber.created,user-2
sce-581,subscriber.created,user-1
sce-582,subscriber.created,user-3
sce-583,subscriber.created,user-2
sce-584,subscriber.created,user-3
sce-585,subscriber.created,user-2
sce-586,subscriber.created,user-3
sce-587,subscriber.created,user-3
sce-588,subscriber.created,user-2
sce-589,subscriber.created,user-1
sce-590,subscriber.created,user-3
sce-591,subscriber.created,user-3
sce-592,subscriber.created,user-1
sce-593,subscriber.created,user-2
sce-594,subscriber.created,user-1
sce-595,subscriber.created,user-2
sce-596,subscriber.created,user-1
sce-597,subscriber.created,user-3
sce-598,subscriber.created,user-2
sce-599,subscriber.created,user-3
sce-600,subscriber.created,user-1
sce-601,subscriber.created,user-1
sce-602,subscriber.created,user-1
sce-603,subscriber.created,user-1
sce-604,subscriber.created,user-1
sce-605,subscriber.created,user-2
sce-606,subscriber.created,user-2
sce-607,subscriber.created,user-1
sce-608,subscriber.created,user-1
sce-609,subscriber.created,user-1
sce-610,subscriber.created,user-1
sce-611,subscriber.created,user-2
sce-612,subscriber.created,user-3
sce-613,subscriber.created,user-2
sce-614,subscriber.created,user-1
sce-615,subscriber.created,user-2
sce-616,subscriber.created,user-2
sce-617,subscriber.created,user-3
sce-618,subscriber.created,user-1
sce-619,subscriber.created,user-2
sce-620,subscriber.created,user-3
sce-621,subscriber.created,user-1
sce-622,subscriber.created,user-2
sce-623,subscriber.created,user-2
sce-624,subscriber.created,user-2
sce-625,subscriber.created,user-2
sce-626,subscriber.created,user-1
sce-627,subscriber.created,user-3
sce-628,subscriber.created,user-1
sce-629,subscriber.created,user-2
sce-630,subscriber.created,user-1
sce-631,subscriber.created,user-2
sce-632,subscriber.created,user-1
sce-633,subscriber.created,user-3
sce-634,subscriber.created,user-2
sce-635,subscriber.created,user-2
sce-636,subscriber.created,user-3
sce-637,subscriber.created,user-2
sce-638,subscriber.created,user-2
sce-639,subscriber.created,user-2
sce-640,subscriber.created,user-3
sce-641,subscriber.created,user-2
sce-642,subscriber.created,user-2
sce-643,subscriber.created,user-2
sce-644,subscriber.created,user-2
sce-645,subscriber.created,user-2
sce-646,subscriber.created,user-2
sce-647,subscriber.created,user-2
sce-648,subscriber.created,user-3
sce-649,subscriber.created,user-2
sce-650,subscriber.created,user-1
sce-651,subscriber.created,user-2
sce-652,subscriber.created,user-1
sce-653,subscriber.created,user-3
sce-654,subscriber.created,user-3
sce-655,subscriber.created,user-1
sce-656,subscriber.created,user-3
sce-657,subscriber.created,user-1
sce-658,subscriber.created,user-3
sce-659,subscriber.created,user-1
sce-660,subscriber.created,user-1
sce-661,subscriber.created,user-2
sce-662,subscriber.created,user-3
sce-663,subscriber.created,user-2
sce-664,subscriber.created,user-1
sce-665,subscriber.created,user-2
sce-666,subscriber.created,user-3
sce-667,subscriber.created,user-1
sce-668,subscriber.created,user-2
sce-669,subscriber.created,user-2
sce-670,subscriber.created,user-2
sce-671,subscriber.created,user-3
sce-672,subscriber.created,user-3
sce-673,subscriber.created,user-3
sce-674,subscriber.created,user-3
sce-675,subscriber.created,user-2
sce-676,subscriber.created,user-3
sce-677,subscriber.created,user-1
sce-678,subscriber.created,user-2
sce-679,subscriber.created,user-3
sce-680,subscriber.created,user-1
sce-681,subscriber.created,user-3
sce-682,subscriber.created,user-3
sce-683,subscriber.created,user-2
sce-684,subscriber.created,user-1
sce-685,subscriber.created,user-1
sce-686,subscriber.created,user-1
sce-687,subscriber.created,user-1
sce-688,subscriber.created,user-1
sce-689,subscriber.created,user-1
sce-690,subscriber.created,user-3
sce-691,subscriber.created,user-2
sce-692,subscriber.created,user-2
sce-693,subscriber.created,user-3
sce-694,subscriber.created,user-2
sce-695,subscriber.created,user-1
sce-696,subscriber.created,user-3
sce-697,subscriber.created,user-1
sce-698,subscriber.created,user-1
sce-699,subscriber.created,user-1
sce-700,subscriber.created,user-2
sce-701,subscriber.created,user-2
sce-702,subscriber.created,user-1
sce-703,subscriber.created,user-3
sce-704,subscriber.created,user-2
sce-705,subscriber.created,user-1
sce-706,subscriber.created,user-1
sce-707,subscriber.created,user-1
sce-708,subscriber.created,user-3
sce-709,subscriber.created,user-1
sce-710,subscriber.created,user-3
sce-711,subscriber.created,user-1
sce-712,subscriber.created,user-1
sce-713,subscriber.created,user-1
sce-714,subscriber.created,user-2
sce-715,subscriber.created,user-2
sce-716,subscriber.created,user-1
sce-717,subscriber.created,user-2
sce-718,subscriber.created,user-2
sce-719,subscriber.created,user-1
sce-720,subscriber.created,user-3
sce-721,subscriber.created,user-3
sce-722,subscriber.created,user-3
sce-723,subscriber.created,user-2
sce-724,subscriber.created,user-1
sce-725,subscriber.created,user-1
sce-726,subscriber.created,user-2
sce-727,subscriber.created,user-1
sce-728,subscriber.created,user-1
sce-729,subscriber.created,user-1
sce-730,subscriber.created,user-1
sce-731,subscriber.created,user-3
sce-732,subscriber.created,user-1
sce-733,subscriber.created,user-2
sce-734,subscriber.created,user-1
sce-735,subscriber.created,user-2
sce-736,subscriber.created,user-1
sce-737,subscriber.created,user-3
sce-738,subscriber.created,user-2
sce-739,subscriber.created,user-1
sce-740,subscriber.created,user-2
sce-741,subscriber.created,user-1
sce-742,subscriber.created,user-3
sce-743,subscriber.created,user-3
sce-744,subscriber.created,user-3
sce-745,subscriber.created,user-2
sce-746,subscriber.created,user-2
sce-747,subscriber.created,user-2
sce-748,subscriber.created,user-3
sce-749,subscriber.created,user-2
sce-750,subscriber.created,user-2
sce-751,subscriber.created,user-3
sce-752,subscriber.created,user-2
sce-753,subscriber.created,user-2
sce-754,subscriber.created,user-1
sce-755,subscriber.created,user-1
sce-756,subscriber.created,user-3
sce-757,subscriber.created,user-2
sce-758,subscriber.created,user-2
sce-759,subscriber.created,user-2
sce-760,subscriber.created,user-3
sce-761,subscriber.created,user-2
sce-762,subscriber.created,user-3
sce-763,subscriber.created,user-2
sce-764,subscriber.created,user-1
sce-765,subscriber.created,user-2
sce-766,subscriber.created,user-1
sce-767,subscriber.created,user-1
sce-768,subscriber.created,user-2
sce-769,subscriber.created,user-1
sce-770,subscriber.created,user-2
sce-771,subscriber.created,user-3
sce-772,subscriber.created,user-1
sce-773,subscriber.created,user-3
sce-774,subscriber.created,user-3
sce-775,subscriber.created,user-3
sce-776,subscriber.created,user-3
sce-777,subscriber.created,user-1
sce-778,subscriber.created,user-1
sce-779,subscriber.created,user-1
sce-780,subscriber.created,user-1
sce-781,subscriber.created,user-2
sce-782,subscriber.created,user-3
sce-783,subscriber.created,user-1
sce-784,subscriber.created,user-3
sce-785,subscriber.created,user-1
sce-786,subscriber.created,user-1
sce-787,subscriber.created,user-3
sce-788,subscriber.created,user-3
sce-789,subscriber.created,user-2
sce-790,subscriber.created,user-1
sce-791,subscriber.created,user-1
sce-792,subscriber.created,user-1
sce-793,subscriber.created,user-3
sce-794,subscriber.created,user-2
sce-795,subscriber.created,user-1
sce-796,subscriber.created,user-3
sce-797,subscriber.created,user-2
sce-798,subscriber.created,user-1
sce-799,subscriber.created,user-1
sce-800,subscriber.created,user-3
sce-801,subscriber.created,user-3
sce-802,subscriber.created,user-2
sce-803,subscriber.created,user-1
sce-804,subscriber.created,user-3
sce-805,subscriber.created,user-1
sce-806,subscriber.created,user-2
sce-807,subscriber.created,user-1
sce-808,subscriber.created,user-1
sce-809,subscriber.created,user-2
sce-810,subscriber.created,user-3
sce-811,subscriber.created,user-3
sce-812,subscriber.created,user-2
sce-813,subscriber.created,user-3
sce-814,subscriber.created,user-3
sce-815,subscriber.created,user-3
sce-816,subscriber.created,user-2
sce-817,subscriber.created,user-2
sce-818,subscriber.created,user-3
sce-819,subscriber.created,user-3
sce-820,subscriber.created,user-2
sce-821,subscriber.created,user-2
sce-822,subscriber.created,user-2
sce-823,subscriber.created,user-1
sce-824,subscriber.created,user-2
sce-825,subscriber.created,user-2
sce-826,subscriber.created,user-3
sce-827,subscriber.created,user-3
sce-828,subscriber.created,user-3
sce-829,subscriber.created,user-1
sce-830,subscriber.created,user-2
sce-831,subscriber.created,user-3
sce-832,subscriber.created,user-2
sce-833,subscriber.created,user-1
sce-834,subscriber.created,user-2
sce-835,subscriber.created,user-3
sce-836,subscriber.created,user-2
sce-837,subscriber.created,user-2
sce-838,subscriber.created,user-2
sce-839,subscriber.created,user-2
sce-840,subscriber.created,user-2
sce-841,subscriber.created,user-1
sce-842,subscriber.created,user-2
sce-843,subscriber.created,user-3
sce-844,subscriber.created,user-2
sce-845,subscriber.created,user-3
sce-846,subscriber.created,user-1
sce-847,subscriber.created,user-2
sce-848,subscriber.created,user-2
sce-849,subscriber.created,user-1
sce-850,subscriber.created,user-2
sce-851,subscriber.created,user-1
sce-852,subscriber.created,user-2
sce-853,subscriber.created,user-1
sce-854,subscriber.created,user-3
sce-855,subscriber.created,user-3
sce-856,subscriber.created,user-3
sce-857,subscriber.created,user-2
sce-858,subscriber.created,user-2
sce-859,subscriber.created,user-3
sce-860,subscriber.created,user-1
sce-861,subscriber.created,user-1
sce-862,subscriber.created,user-2
sce-863,subscriber.created,user-1
sce-864,subscriber.created,user-2
sce-865,subscriber.created,user-1
sce-866,subscriber.created,user-1
sce-867,subscriber.created,user-3
sce-868,subscriber.created,user-2
sce-869,subscriber.created,user-3
sce-870,subscriber.created,user-3
sce-871,subscriber.created,user-1
sce-872,subscriber.created,user-1
sce-873,subscriber.created,user-1
sce-874,subscriber.created,user-3
sce-875,subscriber.created,user-1
sce-876,subscriber.created,user-3
sce-877,subscriber.created,user-2
sce-878,subscriber.created,user-1
sce-879,subscriber.created,user-3
sce-880,subscriber.created,user-3
sce-881,subscriber.created,user-2
sce-882,subscriber.created,user-2
sce-883,subscriber.created,user-3
sce-884,subscriber.created,user-3
sce-885,subscriber.created,user-1
sce-886,subscriber.created,user-2
sce-887,subscriber.created,user-1
sce-888,subscriber.created,user-2
sce-889,subscriber.created,user-3
sce-890,subscriber.created,user-3
sce-891,subscriber.created,user-1
sce-892,subscriber.created,user-2
sce-893,subscriber.created,user-1
sce-894,subscriber.created,user-1
sce-895,subscriber.created,user-3
sce-896,subscriber.created,user-1
